Time,j2s6s300_link_1,j2s6s300_link_2,j2s6s300_link_3,j2s6s300_link_4,j2s6s300_link_5,j2s6s300_link_6,j2s6s300_link_finger_3,j2s6s300_link_finger_tip_3,j2s6s300_link_finger_2,j2s6s300_link_finger_tip_2,j2s6s300_link_finger_1,j2s6s300_link_finger_tip_1,
18.28312,0.0002791533,0.8855672,0.3239448,0.00763694,0.523591,5.393777E-07,-7.60238E-07,-1.967678E-07,3.353662E-09,0,0,0
18.2998,0.0002791533,0.8855672,0.3239448,0.00763694,0.523591,5.393777E-07,-7.60238E-07,-1.967678E-07,3.353662E-09,0,0,0
