Time,j2s6s300_link_1,j2s6s300_link_2,j2s6s300_link_3,j2s6s300_link_4,j2s6s300_link_5,j2s6s300_link_6,j2s6s300_link_finger_3,j2s6s300_link_finger_tip_3,j2s6s300_link_finger_2,j2s6s300_link_finger_tip_2,j2s6s300_link_finger_1,j2s6s300_link_finger_tip_1,
172.0854,0.000279152,0.8855672,0.3239448,0.007636887,0.5235909,5.39368E-07,-7.78119E-07,-2.146492E-07,-7.375153E-09,0,0,0
172.0977,0.000279152,0.8855672,0.3239448,0.007636887,0.5235909,5.39368E-07,-7.78119E-07,-2.146492E-07,-7.375153E-09,0,0,0
