Time,j2s6s300_link_1,j2s6s300_link_2,j2s6s300_link_3,j2s6s300_link_4,j2s6s300_link_5,j2s6s300_link_6,j2s6s300_link_finger_3,j2s6s300_link_finger_tip_3,j2s6s300_link_finger_2,j2s6s300_link_finger_tip_2,j2s6s300_link_finger_1,j2s6s300_link_finger_tip_1,
20.9808,0.0002791622,0.8855672,0.3239448,0.007636931,0.523591,5.388004E-07,-7.745432E-07,-2.086888E-07,-3.798892E-09,0,0,0
20.99444,0.0002791622,0.8855672,0.3239448,0.007636931,0.523591,5.388004E-07,-7.745432E-07,-2.086888E-07,-3.798892E-09,0,0,0
