Time,j2s6s300_link_1,j2s6s300_link_2,j2s6s300_link_3,j2s6s300_link_4,j2s6s300_link_5,j2s6s300_link_6,j2s6s300_link_finger_3,j2s6s300_link_finger_tip_3,j2s6s300_link_finger_2,j2s6s300_link_finger_tip_2,j2s6s300_link_finger_1,j2s6s300_link_finger_tip_1,
22.06786,0.0002791458,0.8855672,0.3239448,0.007636949,0.5235909,5.394245E-07,-7.626225E-07,-2.074967E-07,1.050622E-08,0,0,0
22.08226,0.0002791596,0.8855672,0.3239448,0.007636939,0.523591,5.396294E-07,-7.638146E-07,-1.931916E-07,8.122035E-09,0,0,0
